id,title,image,short_desc,full_desc
1,External and Internal Audit,/static/images/kelly-sikkema-G_91H-3qZOA-unsplash.jpg,Independent audit services to ensure compliance and transparency,"We provide both external and internal audit services designed to deliver assurance, strengthen governance, and enhance accountability. Our approach ensures compliance with statutory requirements while identifying risks, inefficiencies, and opportunities for improvement across all financial and operational processes."
2,Accounting Support and Audit Readiness,/static/images/stellrweb-djb1whucfBY-unsplash.jpg,Accounting expertise with audit readiness support,"Our accounting support services prepare organizations for smooth and efficient audits. We streamline financial reporting, ensure compliance with accounting standards, and provide audit readiness assessments to help businesses avoid delays, reduce risks, and maintain operational transparency."
3,Tax Consulting and Advisory,/static/images/tax-consulting.jpg,Expert tax planning and advisory solutions,"We assist businesses and individuals with comprehensive tax consulting services, from compliance and planning to advisory on complex tax matters. Our experts provide tailored strategies to optimize tax efficiency, manage liabilities, and ensure adherence to evolving regulatory requirements."
4,Financial Modelling and Valuations,/static/images/finance-modelling.jpg,Valuations, modelling, and project finance expertise,"We offer robust financial modelling and valuations that support informed decision-making. Our services cover project finance, employee benefits analysis, and corporate valuations, helping clients navigate investments, acquisitions, and strategic initiatives with clarity and precision."
5,Corporate Finance,/static/images/corporate-finance.jpg,Capital structure and investment advisory,"Our corporate finance team helps businesses make informed strategic and financial decisions. We provide guidance on mergers, acquisitions, restructuring, and investment strategies, ensuring organizations are positioned for long-term growth and sustainability."
6,Transaction Advisory,/static/images/transaction-advisory.jpg,Buy-side and sell-side advisory,"We support clients in executing successful transactions with confidence. Our transaction advisory covers buy-side and sell-side support, due diligence, valuation reviews, and deal structuring, ensuring optimal outcomes in mergers, acquisitions, and divestitures."
7,Capital Raising and Debt & Equity Advisory,/static/images/capital-raising.jpg,Advisory for accessing and structuring capital,"We provide expert advisory on raising capital, structuring debt, and equity solutions. Our team assists with funding strategies, investor relations, and market positioning, helping organizations secure the right financing for growth and expansion."
8,Business Process Re-engineering,/static/images/business-process.jpg,Optimizing business processes for efficiency,"We analyze and redesign business processes to enhance efficiency, reduce costs, and improve service delivery. Our approach aligns people, technology, and strategy, ensuring organizations are agile and competitive in todayâ€™s market."
9,Management Consulting,/static/images/management-consulting.jpg,Strategic management and operational advisory,"We offer comprehensive management consulting services across infrastructure, strategy, operations, procurement, and performance monitoring. Our goal is to help organizations unlock value, improve performance, and achieve sustainable growth."
10,ICT Audit Advisory and Digital Forensics,/static/images/ict-audit.jpg,ICT audit, digital forensics, and assurance,"We provide ICT audit advisory, digital forensics, and software quality assurance to safeguard businesses from risks and vulnerabilities. Our services ensure robust systems, secure data, and resilient digital operations."
11,Cloud Engineering and Software Development,/static/images/luca-bravo-XJXWbfSo2f0-unsplash.jpg,Cloud solutions, data analytics, and custom software,"We design and implement cloud engineering solutions, advanced data analytics, and bespoke software tailored to business needs. Our expertise enables digital transformation, scalability, and innovation for organizations of all sizes."
12,Quantification of Economic Damages,/static/images/economic-damages.jpg,Assessment of losses and economic damages,"We specialize in the quantification of economic damages, including loss of support and future medical costs. Our precise calculations and expert reports assist in legal proceedings, insurance claims, and settlement negotiations."